{
    "name": "root",
    "gauges": {
        "SlayTheSquire_RL.Policy.Entropy.mean": {
            "value": 1.3470135927200317,
            "min": 1.3463174104690552,
            "max": 1.4189382791519165,
            "count": 648
        },
        "SlayTheSquire_RL.Policy.Entropy.sum": {
            "value": 941.5625,
            "min": 103.4872055053711,
            "max": 2905.985595703125,
            "count": 648
        },
        "SlayTheSquire_RL.Step.mean": {
            "value": 499820.0,
            "min": 1024.0,
            "max": 499820.0,
            "count": 648
        },
        "SlayTheSquire_RL.Step.sum": {
            "value": 499820.0,
            "min": 1024.0,
            "max": 499820.0,
            "count": 648
        },
        "SlayTheSquire_RL.Policy.ExtrinsicValueEstimate.mean": {
            "value": 0.7775675058364868,
            "min": -1.3902933597564697,
            "max": 1.0885173082351685,
            "count": 648
        },
        "SlayTheSquire_RL.Policy.ExtrinsicValueEstimate.sum": {
            "value": 0.7775675058364868,
            "min": -2.7805867195129395,
            "max": 1.0885173082351685,
            "count": 648
        },
        "SlayTheSquire_RL.IsTraining.mean": {
            "value": 1.0,
            "min": 1.0,
            "max": 1.0,
            "count": 648
        },
        "SlayTheSquire_RL.IsTraining.sum": {
            "value": 1.0,
            "min": 1.0,
            "max": 1.0,
            "count": 648
        },
        "SlayTheSquire_RL.Losses.PolicyLoss.mean": {
            "value": 0.036070289391015344,
            "min": 0.026275568354564408,
            "max": 0.07062540847497682,
            "count": 214
        },
        "SlayTheSquire_RL.Losses.PolicyLoss.sum": {
            "value": 0.036070289391015344,
            "min": 0.026275568354564408,
            "max": 0.07062540847497682,
            "count": 214
        },
        "SlayTheSquire_RL.Losses.ValueLoss.mean": {
            "value": 0.1328881677861015,
            "min": 0.0139291225027086,
            "max": 0.17864620126783848,
            "count": 214
        },
        "SlayTheSquire_RL.Losses.ValueLoss.sum": {
            "value": 0.1328881677861015,
            "min": 0.0139291225027086,
            "max": 0.17864620126783848,
            "count": 214
        },
        "SlayTheSquire_RL.Policy.LearningRate.mean": {
            "value": 1.0809996400000808e-07,
            "min": 1.0809996400000808e-07,
            "max": 0.0002981568006144,
            "count": 214
        },
        "SlayTheSquire_RL.Policy.LearningRate.sum": {
            "value": 1.0809996400000808e-07,
            "min": 1.0809996400000808e-07,
            "max": 0.0002981568006144,
            "count": 214
        },
        "SlayTheSquire_RL.Policy.Epsilon.mean": {
            "value": 0.10003600000000001,
            "min": 0.10003600000000001,
            "max": 0.19938560000000002,
            "count": 214
        },
        "SlayTheSquire_RL.Policy.Epsilon.sum": {
            "value": 0.10003600000000001,
            "min": 0.10003600000000001,
            "max": 0.19938560000000002,
            "count": 214
        },
        "SlayTheSquire_RL.Policy.Beta.mean": {
            "value": 1.1796400000000135e-05,
            "min": 1.1796400000000135e-05,
            "max": 0.0049693414399999995,
            "count": 214
        },
        "SlayTheSquire_RL.Policy.Beta.sum": {
            "value": 1.1796400000000135e-05,
            "min": 1.1796400000000135e-05,
            "max": 0.0049693414399999995,
            "count": 214
        },
        "SlayTheSquire_RL.Environment.EpisodeLength.mean": {
            "value": 698.0,
            "min": 597.0,
            "max": 10332.0,
            "count": 616
        },
        "SlayTheSquire_RL.Environment.EpisodeLength.sum": {
            "value": 698.0,
            "min": 597.0,
            "max": 10332.0,
            "count": 616
        },
        "SlayTheSquire_RL.Environment.CumulativeReward.mean": {
            "value": 7.100000381469727,
            "min": -40.95999789237976,
            "max": 9.914999961853027,
            "count": 624
        },
        "SlayTheSquire_RL.Environment.CumulativeReward.sum": {
            "value": 7.100000381469727,
            "min": -40.95999789237976,
            "max": 9.914999961853027,
            "count": 624
        },
        "SlayTheSquire_RL.Policy.ExtrinsicReward.mean": {
            "value": 7.100000381469727,
            "min": -40.95999789237976,
            "max": 9.914999961853027,
            "count": 624
        },
        "SlayTheSquire_RL.Policy.ExtrinsicReward.sum": {
            "value": 7.100000381469727,
            "min": -40.95999789237976,
            "max": 9.914999961853027,
            "count": 624
        }
    },
    "metadata": {
        "timer_format_version": "0.1.0",
        "start_time_seconds": "1745450548",
        "python_version": "3.9.0 (tags/v3.9.0:9cf6752, Oct  5 2020, 15:34:40) [MSC v.1927 64 bit (AMD64)]",
        "command_line_arguments": "C:\\Users\\ryanj\\AppData\\Local\\Programs\\Python\\Python39\\lib\\site-packages\\mlagents\\trainers\\learn.py Training\\trainer_config.yaml --run-id=SlayRL_500",
        "mlagents_version": "0.30.0",
        "mlagents_envs_version": "0.30.0",
        "communication_protocol_version": "1.5.0",
        "pytorch_version": "1.13.1+cpu",
        "numpy_version": "1.21.2",
        "end_time_seconds": "1745453164"
    },
    "total": 2615.9710918,
    "count": 1,
    "self": 0.006744599999819911,
    "children": {
        "run_training.setup": {
            "total": 0.08273550000000007,
            "count": 1,
            "self": 0.08273550000000007
        },
        "TrainerController.start_learning": {
            "total": 2615.8816117,
            "count": 1,
            "self": 6.25751099995432,
            "children": {
                "TrainerController._reset_env": {
                    "total": 7.6679293,
                    "count": 1,
                    "self": 7.6679293
                },
                "TrainerController.advance": {
                    "total": 2601.912869100046,
                    "count": 500519,
                    "self": 5.745843800068542,
                    "children": {
                        "env_step": {
                            "total": 2466.463818999959,
                            "count": 500519,
                            "self": 2080.184349499978,
                            "children": {
                                "SubprocessEnvManager._take_step": {
                                    "total": 382.1236399000435,
                                    "count": 500519,
                                    "self": 15.479010400067466,
                                    "children": {
                                        "TorchPolicy.evaluate": {
                                            "total": 366.644629499976,
                                            "count": 500519,
                                            "self": 366.644629499976
                                        }
                                    }
                                },
                                "workers": {
                                    "total": 4.155829599937622,
                                    "count": 500519,
                                    "self": 0.0,
                                    "children": {
                                        "worker_root": {
                                            "total": 2600.602626399989,
                                            "count": 500519,
                                            "is_parallel": true,
                                            "self": 812.5177925999155,